Customer_ID,LIFETIME_VALUE,CHURN_PROBABILITY,REVENUE_AT_RISK
CUST_OFH2OJ,5788.95,0.41,2373.4694999999997
CUST_J6EWB1,9019.17,0.41,3697.8597
CUST_AAOVHG,8367.25,0.98,8199.905
CUST_PFF0VR,3756.91,0.98,3681.7718
CUST_LRVP29,6215.12,0.58,3604.7695999999996
CUST_70AB8B,6215.12,0.58,3604.7695999999996
CUST_NMWFVD,6332.88,0.53,3356.4264000000003
CUST_ZUK9Q7,6332.88,0.53,3356.4264000000003
CUST_D36K4Y,7311.45,0.46,3363.2670000000003
CUST_G04A2M,7175.19,0.46,3300.5874
CUST_V071B2,933.88,0.86,803.1368
CUST_8JINY9,4170.5,0.86,3586.63
CUST_DDQ88R,2934.9,0.9,2641.4100000000003
CUST_OCJKZ3,2934.9,0.9,2641.4100000000003
CUST_Y6L99V,2814.13,0.37,1041.2281
CUST_LANR92,2814.13,0.37,1041.2281
CUST_FSVS2T,8390.52,0.81,6796.321200000001
CUST_SHWEH5,8390.52,0.81,6796.321200000001
CUST_S76LW6,5080.03,0.27,1371.6081
CUST_TWG0XC,5080.03,0.27,1371.6081
CUST_DLBL31,4727.04,0.88,4159.7952
CUST_3Y1TB7,4727.04,0.88,4159.7952
CUST_AAWK6C,6236.82,0.6,3742.0919999999996
CUST_FDQ9E3,6236.82,0.6,3742.0919999999996
CUST_VW09WG,5413.73,0.57,3085.8260999999993
CUST_G3CBW1,5413.73,0.57,3085.8260999999993
CUST_P38Q77,5941.47,0.11,653.5617000000001
CUST_Z6QSTD,5941.47,0.11,653.5617000000001
CUST_MGPNRL,3620.15,0.87,3149.5305
CUST_ZJT22H,3620.15,0.87,3149.5305
CUST_XDPPDT,6305.54,0.01,63.0554
CUST_U1KVT8,6305.54,0.01,63.0554
CUST_VIFXW4,3901.23,0.01,39.0123
CUST_PTR7D2,3901.23,0.01,39.0123
CUST_4RDCAV,9041.15,0.7,6328.804999999999
CUST_9E6S7D,9041.15,0.7,6328.804999999999
CUST_9KMBKQ,7498.27,0.67,5023.8409
CUST_8TLAJY,7498.27,0.67,5023.8409
CUST_03VB70,2511.81,0.66,1657.7946
CUST_EUB5V7,2511.81,0.66,1657.7946
CUST_PD9KP6,5157.6,0.75,3868.2000000000003
CUST_YYIMVV,5157.6,0.75,3868.2000000000003
CUST_WJX7A1,974.92,0.09,87.74279999999999
CUST_GJB1KY,974.92,0.09,87.74279999999999
CUST_MQNLX5,6322.69,0.35,2212.9415
CUST_PJ28GG,6322.69,0.35,2212.9415
CUST_4PMVIG,2975.75,0.43,1279.5725
CUST_CR3O9U,2975.75,0.43,1279.5725
CUST_MC05PZ,1336.13,0.9,1202.517
CUST_QGYGVA,1336.13,0.9,1202.517
CUST_H9QO81,4946.59,0.47,2324.8973
CUST_QYGU1H,4946.59,0.47,2324.8973
CUST_C5W9U4,3222.47,0.52,1675.6843999999999
CUST_A8FP6T,3222.47,0.52,1675.6843999999999
CUST_HRZZZW,732.19,0.75,549.1425
CUST_85MHW9,732.19,0.75,549.1425
CUST_9PH1V5,970.81,1,970.81
CUST_QCB8ED,970.81,1,970.81
CUST_MHYFO8,3421.3,0.04,136.852
CUST_8FE81E,3421.3,0.04,136.852
CUST_S86VTI,3494.42,0.34,1188.1028000000001
CUST_NM92ZM,3494.42,0.34,1188.1028000000001
CUST_V2ET9C,221.48,0.01,2.2148
CUST_P95H7U,221.48,0.01,2.2148
CUST_7S1I7F,8203.19,0.21,1722.6699
CUST_PGGX93,8203.19,0.21,1722.6699
CUST_NC420F,8507.05,0.02,170.141
CUST_T95LCL,8507.05,0.02,170.141
CUST_UEATMR,1834.68,0.28,513.7104
CUST_20IIC8,1834.68,0.28,513.7104
CUST_O2UVKH,2521.12,0.63,1588.3056
CUST_92VOAD,2521.12,0.63,1588.3056
CUST_ZY1W9W,142.35,0.14,19.929000000000002
CUST_QA1HIN,142.35,0.14,19.929000000000002
CUST_AP1Q1T,482.34,0.2,96.468
CUST_ECXABM,482.34,0.2,96.468
CUST_7EACWI,4404.19,0.04,176.1676
CUST_OMF9BU,4404.19,0.04,176.1676
CUST_4GFGQY,3283.1,0.08,262.648
CUST_6AVB15,3283.1,0.08,262.648
CUST_BSFCZS,8815.47,0.41,3614.3426999999997
CUST_ZMG0WW,8815.47,0.41,3614.3426999999997
CUST_03VGSO,6054.76,0.82,4964.9032
CUST_DB4V47,6054.76,0.82,4964.9032
CUST_PLV7K6,4572.56,0.06,274.35360000000003
CUST_REKKSM,4572.56,0.06,274.35360000000003
CUST_KFN89Q,547.54,0.38,208.06519999999998
CUST_U3JA4F,547.54,0.38,208.06519999999998
CUST_9BTT4H,5107.12,0.49,2502.4888
CUST_EFYNBN,5107.12,0.49,2502.4888
CUST_IFVIL4,6351.92,0.08,508.15360000000004
CUST_VTH4KS,6351.92,0.08,508.15360000000004
CUST_VPRS2J,6480.73,0.92,5962.2716
CUST_XXU5YH,6480.73,0.92,5962.2716
CUST_TIGR6V,9693.01,0.83,8045.1983
CUST_YAAD80,9693.01,0.83,8045.1983
CUST_EC89AI,8230.98,0.5,4115.49
CUST_GPBTFF,8230.98,0.5,4115.49
CUST_QXD5HM,5558.73,0.05,277.93649999999997
CUST_2E78ZN,5558.73,0.05,277.93649999999997
CUST_DF436G,1610.27,0.37,595.7999
CUST_1E21FP,1610.27,0.37,595.7999
CUST_E7RX60,9933.03,0.88,8741.066400000002
CUST_GKJ4RM,9933.03,0.88,8741.066400000002
CUST_W0GLKM,5758.47,0.34,1957.8798000000002
CUST_XA2P2I,5758.47,0.34,1957.8798000000002
CUST_OA5DOA,3977.18,0.51,2028.3618
CUST_0HC6M2,3977.18,0.51,2028.3618
CUST_A8JSGT,1758.87,0.59,1037.7332999999999
CUST_22L4MN,1758.87,0.59,1037.7332999999999
CUST_ZIMOOB,4353.04,0.43,1871.8072
CUST_MQKIIK,4353.04,0.43,1871.8072
CUST_AD2D3A,3005.71,0.65,1953.7115000000001
CUST_R11G7S,3005.71,0.65,1953.7115000000001
CUST_5IHYX7,8750.34,0.89,7787.8026
CUST_M16PPA,8750.34,0.89,7787.8026
CUST_BHMQK8,6512.33,0.69,4493.507699999999
CUST_J5O1GM,6512.33,0.69,4493.507699999999
CUST_XDYENU,9450.07,0.95,8977.566499999999
CUST_C05AO2,9450.07,0.95,8977.566499999999
CUST_ST9ZAR,5178.94,0.02,103.5788
CUST_78NP44,5178.94,0.02,103.5788
CUST_RGPJST,9984.85,0.95,9485.6075
CUST_27PZ49,9984.85,0.95,9485.6075
CUST_R18FXT,454.29,0.32,145.3728
CUST_IQA76R,454.29,0.32,145.3728
CUST_LQ5AF7,480.57,0.83,398.87309999999997
CUST_RLGPEB,480.57,0.83,398.87309999999997
CUST_61YMCL,118.35,0.61,72.1935
CUST_5XKEXZ,118.35,0.61,72.1935
CUST_I43US6,9377.4,0.08,750.192
CUST_P50GJC,9377.4,0.08,750.192
CUST_MISSMH,1210.31,0.49,593.0518999999999
CUST_G9K3LN,1210.31,0.49,593.0518999999999
CUST_1EOR0T,3463.16,0.83,2874.4228
CUST_YBR8D6,3463.16,0.83,2874.4228
CUST_SBT7TL,1422.75,0.89,1266.2475
CUST_TEOWYU,1422.75,0.89,1266.2475
CUST_2LI5B7,6321.29,0.83,5246.6707
CUST_ZY6PTL,6321.29,0.83,5246.6707
CUST_S5WNVH,7565.68,0.79,5976.8872
CUST_1TQSN8,7565.68,0.79,5976.8872
CUST_DKTQRJ,3607.67,0.09,324.6903
CUST_KEYS8V,3607.67,0.09,324.6903
CUST_XXYT1D,3004.57,0.33,991.5081000000001
CUST_HP9FIB,3004.57,0.33,991.5081000000001
CUST_UJQ7BY,3791.39,0.9,3412.2509999999997
CUST_IPP0XM,3791.39,0.9,3412.2509999999997
CUST_ZK08KO,1263.72,0.86,1086.7992
CUST_NKMQR0,1263.72,0.86,1086.7992
CUST_CO6WG2,6451.51,0.39,2516.0889
CUST_FVKFDV,6451.51,0.39,2516.0889
CUST_LIGHR8,2834.88,0.93,2636.4384000000005
CUST_EZJWO9,2834.88,0.93,2636.4384000000005
CUST_834CIC,5481.32,0.09,493.31879999999995
CUST_D76K8M,5481.32,0.09,493.31879999999995
CUST_XZCC4C,9380.7,0.62,5816.034000000001
CUST_P5PXYW,9380.7,0.62,5816.034000000001
CUST_O7LHAO,6566.34,0.43,2823.5262000000002
CUST_0C64ZM,6566.34,0.43,2823.5262000000002
CUST_B7IMLD,1490.79,0.28,417.42120000000006
CUST_G4ASQ2,1490.79,0.28,417.42120000000006
CUST_VXKXVB,5526.26,0.85,4697.321
CUST_FQZ8NE,5526.26,0.85,4697.321
CUST_NHULCL,4150.75,0.22,913.165
CUST_HTWY80,4150.75,0.22,913.165
CUST_KUFJSM,4170.21,0.5,2085.105
CUST_LG5DVT,4170.21,0.5,2085.105
CUST_G6N9FD,4489.45,0.07,314.2615
CUST_C2E0QU,4489.45,0.07,314.2615
CUST_OF9OMB,137.84,0.89,122.6776
CUST_C724FI,137.84,0.89,122.6776
CUST_Y9ZFUA,3777.19,0.77,2908.4363000000003
CUST_K57JH6,3777.19,0.77,2908.4363000000003
CUST_W8IZWM,1927.38,0.59,1137.1542
CUST_I6HPE9,1927.38,0.59,1137.1542
CUST_PCJXQD,7406.33,0.61,4517.8613
CUST_CMKQWO,7406.33,0.61,4517.8613
CUST_X8UX0L,8573.07,0.64,5486.7648
CUST_R8U8WH,8573.07,0.64,5486.7648
CUST_SVBN7V,3230.69,0.02,64.6138
CUST_FYBP3Y,3230.69,0.02,64.6138
CUST_GHM06N,7238.63,0.99,7166.2437
CUST_WC4RNM,7238.63,0.99,7166.2437
CUST_66TFRW,9594.06,0.26,2494.4556
CUST_BDUXEE,9594.06,0.26,2494.4556
CUST_EKTUAH,9941.36,0.41,4075.9576
CUST_WKZSMO,9941.36,0.41,4075.9576
CUST_NSL919,2484.81,0.39,969.0759
CUST_LHQ9YE,2484.81,0.39,969.0759
CUST_WA0P5L,2553.48,0.19,485.1612
CUST_BATSFO,2553.48,0.19,485.1612
CUST_ZP0Y98,3884.54,0.87,3379.5498
CUST_8142P9,3884.54,0.87,3379.5498
CUST_EZ318B,5788.95,0.61,3531.2594999999997
CUST_3P2UMQ,5788.95,0.61,3531.2594999999997
CUST_J6EWB1,8367.25,0.41,3430.5724999999998
CUST_C69ZPB,8367.25,0.41,3430.5724999999998
CUST_PFF0VR,3704.42,0.24,889.0608
CUST_ZRDVG5,3704.42,0.24,889.0608
CUST_70AB8B,9462.69,0.01,94.6269
CUST_G8HGAR,9462.69,0.01,94.6269
CUST_ZUK9Q7,7311.45,0.07,511.80150000000003
CUST_9DOZZ2,7311.45,0.07,511.80150000000003
CUST_G04A2M,933.88,0.06,56.032799999999995
CUST_A2BGND,933.88,0.06,56.032799999999995
CUST_8JINY9,4635.04,0.92,4264.236800000001
CUST_MO7URG,4635.04,0.92,4264.236800000001
CUST_OCJKZ3,5454.89,0.61,3327.4829
CUST_SC5X04,5454.89,0.61,3327.4829
CUST_LANR92,7708.74,0.21,1618.8354
CUST_TNIUTU,7708.74,0.21,1618.8354
CUST_SHWEH5,7144.17,0.23,1643.1591
CUST_I85B8U,7144.17,0.23,1643.1591
CUST_TWG0XC,8826.69,0.13,1147.4697
CUST_8TZ313,8826.69,0.13,1147.4697
CUST_3Y1TB7,1021.6,0.62,633.392
CUST_E0VL8Z,1021.6,0.62,633.392
CUST_FDQ9E3,9602.66,0.49,4705.3034
CUST_U96VBM,9602.66,0.49,4705.3034
CUST_G3CBW1,6949.25,0.92,6393.31
CUST_GN5KM7,6949.25,0.92,6393.31
CUST_Z6QSTD,512.54,0.28,143.5112
CUST_F91SV4,512.54,0.28,143.5112
CUST_ZJT22H,9151.19,0.29,2653.8451
CUST_AOHTHN,9151.19,0.29,2653.8451
CUST_U1KVT8,2756.75,0.6,1654.05
CUST_JI3MUS,2756.75,0.6,1654.05
CUST_PTR7D2,8108.16,0.52,4216.2432
CUST_56LHI7,8108.16,0.52,4216.2432
CUST_9E6S7D,1692.25,0.92,1556.8700000000001
CUST_RPU5US,1692.25,0.92,1556.8700000000001
CUST_8TLAJY,6471.72,0.77,4983.2244
CUST_QG8EBS,6471.72,0.77,4983.2244
CUST_EUB5V7,9289.69,0.62,5759.607800000001
CUST_ZH5RCA,9289.69,0.62,5759.607800000001
CUST_YYIMVV,1392.45,0.15,208.8675
CUST_Q6TLT5,1392.45,0.15,208.8675
CUST_GJB1KY,9602.11,0.27,2592.5697000000005
CUST_XEU9LW,9602.11,0.27,2592.5697000000005
CUST_PJ28GG,9521.46,0.33,3142.0818
CUST_L7R0UZ,9521.46,0.33,3142.0818
CUST_CR3O9U,492.81,0.8,394.24800000000005
CUST_Q48CT2,492.81,0.1,49.281000000000006
CUST_QGYGVA,6911.95,0.1,691.195
CUST_I6SSZD,4650.51,0.91,4231.9641
CUST_QYGU1H,385.38,0.23,88.6374
CUST_I4DSOQ,6992.79,0.76,5314.5204
CUST_A8FP6T,6804.34,0.59,4014.5606
CUST_QSP3KN,4389.88,0.42,1843.7495999999999
CUST_85MHW9,2705.42,0.42,1136.2764
CUST_TX2PGC,1938.29,0.02,38.7658
CUST_QCB8ED,1540.04,0.3,462.01199999999994
CUST_KO71BP,1667.64,0.54,900.5256000000002
CUST_8FE81E,4657.62,0.54,2515.1148000000003
CUST_VV0V9V,587.82,0.37,217.4934
CUST_NM92ZM,587.82,0.37,217.4934
CUST_JS2AQC,1324.34,0.08,105.9472
CUST_P95H7U,7171.25,0.08,573.7
CUST_Q8XO95,9947.19,0.82,8156.6957999999995
CUST_PGGX93,8498.76,0.82,6968.9832
CUST_KMXLZ6,2363.91,0.94,2222.0753999999997
CUST_T95LCL,8022.24,0.94,7540.905599999999
CUST_R95SL0,416.3,0.12,49.955999999999996
CUST_20IIC8,1631.2,0.12,195.744
CUST_IDY7LL,6584.08,0.03,197.5224
CUST_92VOAD,2973.03,0.03,89.1909
CUST_FHB8KF,9330.65,0.33,3079.1145
CUST_QA1HIN,9052.57,0.82,7423.107399999999
CUST_I8HVXN,4295.18,0.15,644.277
CUST_ECXABM,2593.78,0.56,1452.5168000000003
CUST_J50HG1,4629.46,0.59,2731.3813999999998
CUST_OMF9BU,7544.22,0.1,754.422
CUST_DEW44I,1836.25,0.53,973.2125000000001
CUST_6AVB15,8690.66,0.53,4606.0498
CUST_BY1X8M,1205.26,0.59,711.1034
CUST_ZMG0WW,7389.57,0.43,3177.5150999999996
CUST_9IZPCZ,8970.46,0.34,3049.9564
CUST_DB4V47,5716.75,0.05,285.83750000000003
CUST_55OLQZ,429.97,0.3,128.991
CUST_REKKSM,7247.9,0.22,1594.538
CUST_VUMAUY,5212.08,0.32,1667.8656
CUST_U3JA4F,9385.64,0.88,8259.3632
CUST_L07HCE,162.84,0.08,13.0272
CUST_EFYNBN,1606.15,0.16,256.98400000000004
CUST_LAC7UZ,5377.84,0.16,860.4544000000001
CUST_VTH4KS,3155.64,0.61,1924.9404
CUST_LZWF01,8188.25,0.61,4994.8324999999995
CUST_XXU5YH,455.32,0.07,31.872400000000003
CUST_S7GSF5,455.32,0.07,31.872400000000003
CUST_YAAD80,4541.64,0.75,3406.2300000000005
CUST_A0MPCZ,4603.63,0.75,3452.7225
CUST_GPBTFF,6608.75,0.79,5220.9125
CUST_XZ5E1P,7099.52,0.79,5608.620800000001
CUST_2E78ZN,6960.04,0.7,4872.027999999999
CUST_DATN7A,8741.21,0.06,524.4725999999999
CUST_1E21FP,8016.4,0.56,4489.184
CUST_1SEIQF,8922.5,1,8922.5
CUST_GKJ4RM,7745.77,0.32,2478.6464
CUST_V6KSMS,4622.02,0.32,1479.0464000000002
CUST_XA2P2I,3987.13,0.96,3827.6448
CUST_JZ5RDM,3987.13,0.96,3827.6448
CUST_0HC6M2,8112.47,0.32,2595.9904
CUST_VJXTV2,5733.21,0.32,1834.6272000000001
CUST_22L4MN,9951.08,0.39,3880.9212
CUST_N0ZPOL,6195.19,0.58,3593.2101999999995
CUST_MQKIIK,7018.88,0.23,1614.3424
CUST_0Q6KLN,4689.24,0.13,609.6012
CUST_R11G7S,9773.02,0.9,8795.718
CUST_3PZLR0,7271.3,0.18,1308.834
CUST_M16PPA,6116.85,0.11,672.8535
CUST_HU0CZF,302.28,0.73,220.66439999999997
CUST_J5O1GM,9029.47,0.73,6591.513099999999
CUST_GDAZ5V,8158.86,0.88,7179.7968
CUST_C05AO2,6140.66,0.88,5403.7807999999995
CUST_II8XPN,5581.74,0.3,1674.522
CUST_78NP44,2600.35,0.3,780.1049999999999
CUST_G3WUCM,7750.17,0.08,620.0136
CUST_27PZ49,308.95,0.27,83.4165
CUST_2RYIIX,7940.07,0.04,317.6028
CUST_IQA76R,4645.81,0.34,1579.5754000000002
CUST_AMFB45,9522.33,0.23,2190.1359
CUST_RLGPEB,3101.8,0.68,2109.224
CUST_KA323X,8129.56,0.07,569.0692000000001
CUST_5XKEXZ,7372.35,0.7,5160.6449999999995
CUST_ES9RKE,5338.94,0.16,854.2303999999999
CUST_P50GJC,436.24,0.16,69.7984
CUST_NLNESP,2316.67,0.1,231.66700000000003
CUST_G9K3LN,3111.86,0.34,1058.0324
CUST_RTT9IK,757.7,0.05,37.885000000000005
CUST_YBR8D6,7645.86,0.05,382.293
CUST_RO6W0X,8915.08,0.08,713.2064
CUST_TEOWYU,4896.87,0.08,391.7496
CUST_J0HTJD,6175.21,0.79,4878.4159
CUST_ZY6PTL,4635.2,0.76,3522.752
CUST_3W8UOH,7761.08,0.12,931.3295999999999
CUST_1TQSN8,9266.6,0.1,926.6600000000001
CUST_CZR1HB,1272.97,0.84,1069.2948
CUST_KEYS8V,5744.61,0.84,4825.4724
CUST_CYER84,9101.05,0.94,8554.987
CUST_HP9FIB,4120.1,0.58,2389.658
CUST_A0K46V,6084.95,0.05,304.2475
CUST_IPP0XM,7505.43,0.06,450.3258
CUST_EREJIC,5861.6,0.83,4865.128
CUST_NKMQR0,7826.01,0.83,6495.588299999999
CUST_2QP6WW,9615.08,0.66,6345.9528
CUST_FVKFDV,7347.47,0.66,4849.3302
CUST_9ROGRU,7328.1,0.24,1758.744
CUST_EZJWO9,7328.1,0.24,1758.744
CUST_6QMPQX,5135.59,0.55,2824.5745
CUST_D76K8M,5135.59,0.55,2824.5745
CUST_Q7HD2E,4846.19,0.15,726.9284999999999
CUST_P5PXYW,4846.19,0.15,726.9284999999999
CUST_D634AD,1952.62,0.28,546.7336
CUST_0C64ZM,1952.62,0.28,546.7336
CUST_L3Z0X4,5763.03,0.64,3688.3392
CUST_G4ASQ2,5763.03,0.64,3688.3392
CUST_RNG8B4,446.22,0.87,388.2114
CUST_FQZ8NE,446.22,0.34,151.71480000000003
CUST_1XJ7J5,3677.89,0.34,1250.4826
CUST_HTWY80,903.73,0.55,497.05150000000003
CUST_AK97OR,8957.15,0.97,8688.4355
CUST_LG5DVT,7245.01,0.9,6520.509
CUST_PLF51R,7851.47,0.5,3925.735
CUST_C2E0QU,8995.91,0.69,6207.1779
CUST_7YFPQM,3191.94,0.69,2202.4386
CUST_C724FI,4001.17,0.34,1360.3978000000002
CUST_H78OK0,4001.17,0.34,1360.3978000000002
CUST_K57JH6,4551.52,0.8,3641.2160000000003
CUST_JMA52U,2839.28,0.8,2271.4240000000004
CUST_I6HPE9,477.79,0.65,310.56350000000003
CUST_V40MH3,2047.8,0.65,1331.07
CUST_CMKQWO,1372.6,0.29,398.054
CUST_JOBMAA,1372.6,0.29,398.054
CUST_R8U8WH,1929.74,0.27,521.0298
CUST_M74BZH,1929.74,0.27,521.0298
CUST_FYBP3Y,7964.76,0.74,5893.9224
CUST_JSFDVG,7964.76,0.74,5893.9224
CUST_WC4RNM,7238.86,0.89,6442.5854
CUST_ECZY3B,7238.86,0.89,6442.5854
CUST_BDUXEE,5974.78,1,5974.78
CUST_96R07D,5974.78,1,5974.78
CUST_WKZSMO,3073.95,0.44,1352.538
CUST_GJE66Y,3073.95,0.44,1352.538
CUST_LHQ9YE,3504.31,0.67,2347.8877
CUST_L8QRCZ,3504.31,0.67,2347.8877
CUST_BATSFO,4803.46,0.47,2257.6261999999997
CUST_DJJJGB,4803.46,0.47,2257.6261999999997
CUST_8142P9,7446.46,0.83,6180.5617999999995
CUST_8QEAW2,7446.46,0.83,6180.5617999999995
CUST_3P2UMQ,2131.19,0.94,2003.3185999999998
CUST_C8A1T7,2131.19,0.94,2003.3185999999998
CUST_C69ZPB,7604.02,0.85,6463.417
CUST_0GJ0NW,7604.02,0.85,6463.417
CUST_ZRDVG5,2891.62,0.48,1387.9776
CUST_LIKCBH,2891.62,0.48,1387.9776
CUST_G8HGAR,366.33,0.03,10.989899999999999
CUST_BIH0QW,366.33,0.03,10.989899999999999
CUST_9DOZZ2,1054.24,0.94,990.9856
CUST_KH15EH,1054.24,0.94,990.9856
CUST_A2BGND,2423.49,0.55,1332.9195
CUST_M10UEN,2423.49,0.55,1332.9195
CUST_MO7URG,3358.89,0.01,33.5889
CUST_62KICU,3358.89,0.01,33.5889
CUST_SC5X04,2208.99,0.65,1435.8435
CUST_S85RH6,2208.99,0.65,1435.8435
CUST_TNIUTU,6526.36,0.28,1827.3808000000001
CUST_Q4PTY8,6526.36,0.28,1827.3808000000001
CUST_I85B8U,3110.02,0.22,684.2044
CUST_S3I7JQ,3110.02,0.22,684.2044
CUST_8TZ313,7525.43,0.07,526.7801000000001
CUST_V8YEXE,7525.43,0.07,526.7801000000001
CUST_E0VL8Z,4404.1,0.29,1277.189
CUST_HSI3SH,4404.1,0.29,1277.189
CUST_U96VBM,1944.7,0.85,1652.995
CUST_TF7M32,1944.7,0.85,1652.995
CUST_GN5KM7,5697.26,0.67,3817.1642
CUST_6U3MXR,5697.26,0.67,3817.1642
CUST_F91SV4,9690.78,0.58,5620.6524
CUST_1LCCTC,9690.78,0.58,5620.6524
CUST_AOHTHN,8828.6,0.62,5473.732
CUST_55B3PO,8828.6,0.62,5473.732
CUST_JI3MUS,4849.82,0.1,484.98199999999997
CUST_ATLS7W,4849.82,0.1,484.98199999999997
CUST_56LHI7,6268.35,0.35,2193.9225
CUST_Q6XGY7,6268.35,0.35,2193.9225
CUST_RPU5US,8459.92,0.84,7106.3328
CUST_6JCME2,8459.92,0.84,7106.3328
CUST_QG8EBS,1726.07,0.9,1553.463
CUST_OCS9ZR,1726.07,0.9,1553.463
CUST_ZH5RCA,2927.24,0.54,1580.7096
CUST_B5L2N1,2927.24,0.54,1580.7096
CUST_Q6TLT5,479.24,0.04,19.1696
CUST_O2X8UW,479.24,0.04,19.1696
CUST_XEU9LW,6850.85,0.05,342.5425
CUST_GLJOTK,6850.85,0.05,342.5425
CUST_L7R0UZ,1800.69,0.64,1152.4416
CUST_RDUDKB,1800.69,0.64,1152.4416
CUST_Q48CT2,6911.95,0.1,691.195
CUST_U3CUD6,6911.95,0.1,691.195
CUST_I6SSZD,1840.03,0.23,423.2069
CUST_I94VDI,385.38,0.23,88.6374
CUST_I4DSOQ,6804.34,0.59,4014.5606
CUST_Z9MQ21,6804.34,0.59,4014.5606
CUST_QSP3KN,2705.42,0.42,1136.2764
CUST_0QBR6C,2705.42,0.42,1136.2764
CUST_TX2PGC,5676.91,0.3,1703.0729999999999
CUST_4IKA4E,1540.04,0.3,462.01199999999994
CUST_KO71BP,4777.57,0.54,2579.8878
CUST_GG0028,4657.62,0.54,2515.1148000000003
CUST_VV0V9V,5922.25,0.37,2191.2325
CUST_B2BXVP,587.82,0.37,217.4934
CUST_JS2AQC,5982.02,0.08,478.56160000000006
CUST_MPAATI,7171.25,0.08,573.7
CUST_Q8XO95,4722.84,0.82,3872.7288
CUST_DWSCKH,8498.76,0.82,6968.9832
CUST_KMXLZ6,973.96,0.03,29.2188
CUST_6G9R16,8022.24,0.94,7540.905599999999
CUST_R95SL0,7867.21,0.12,944.0652
CUST_ZRS372,1631.2,0.12,195.744
CUST_IDY7LL,1441.24,0.26,374.7224
CUST_60TWF3,2973.03,0.03,89.1909
CUST_FHB8KF,3822.15,0.18,687.987
CUST_JXRN28,9052.57,0.82,7423.107399999999
CUST_I8HVXN,2988.48,0.9,2689.632
CUST_ISTWFD,2593.78,0.56,1452.5168000000003
CUST_J50HG1,2997.78,0.1,299.778
CUST_0I33NO,7544.22,0.1,754.422
CUST_DEW44I,1554.43,0.53,823.8479000000001
CUST_OLFDFE,8690.66,0.53,4606.0498
CUST_BY1X8M,3815.27,0.71,2708.8417
CUST_9Q6SJL,7389.57,0.43,3177.5150999999996
CUST_9IZPCZ,6897.36,0.05,344.868
CUST_DLUH1W,5716.75,0.05,285.83750000000003
CUST_55OLQZ,4042.08,0.04,161.6832
CUST_X4VD8I,7247.9,0.22,1594.538
CUST_VUMAUY,9389.63,0.88,8262.874399999999
CUST_XD83AQ,9385.64,0.88,8259.3632
CUST_L07HCE,6385.28,0.85,5427.487999999999
CUST_MV3OC4,1606.15,0.85,1365.2275
CUST_LAC7UZ,8763.14,0.57,4994.989799999999
CUST_KVCPJQ,3155.64,0.57,1798.7147999999997
CUST_LZWF01,7373.24,0.02,147.4648
CUST_JHTAN6,8283.64,0.02,165.6728
CUST_S7GSF5,4541.64,0.43,1952.9052000000001
CUST_SZN6UJ,4541.64,0.43,1952.9052000000001
CUST_A0MPCZ,7172.2,0.42,3012.3239999999996
CUST_508WGO,6608.75,0.42,2775.6749999999997
CUST_XZ5E1P,4356.06,0.7,3049.242
CUST_5HLFWU,6960.04,0.7,4872.027999999999
CUST_DATN7A,4704.02,0.56,2634.2512000000006
CUST_ICQW2P,8016.4,0.56,4489.184
CUST_1SEIQF,7745.77,0.26,2013.9002000000003
CUST_PPKFF8,7745.77,0.26,2013.9002000000003
CUST_V6KSMS,5237.12,0.44,2304.3328
CUST_G0KXD0,5237.12,0.44,2304.3328
CUST_JZ5RDM,8112.47,0.95,7706.8465
CUST_R2D7MG,8112.47,0.95,7706.8465
CUST_VJXTV2,9951.08,0.39,3880.9212
CUST_D6EENA,9951.08,0.39,3880.9212
CUST_N0ZPOL,512.41,0.23,117.8543
CUST_LI3VUE,7018.88,0.23,1614.3424
CUST_0Q6KLN,9773.02,0.9,8795.718
CUST_PS1ZLY,9773.02,0.9,8795.718
CUST_3PZLR0,3329.23,0.11,366.2153
CUST_TFR2RZ,6116.85,0.11,672.8535
CUST_HU0CZF,280.44,0.73,204.72119999999998
CUST_TCBVOW,9029.47,0.73,6591.513099999999
CUST_GDAZ5V,6140.66,0.88,5403.7807999999995
CUST_MXNXW6,6140.66,0.88,5403.7807999999995
CUST_II8XPN,2600.35,0.3,780.1049999999999
CUST_AYFCKE,2600.35,0.3,780.1049999999999
CUST_G3WUCM,308.95,0.27,83.4165
CUST_1FVN3P,308.95,0.27,83.4165
CUST_2RYIIX,4645.81,0.34,1579.5754000000002
CUST_IDXKWV,4645.81,0.34,1579.5754000000002
CUST_AMFB45,3101.8,0.68,2109.224
CUST_UN2PBU,3101.8,0.68,2109.224
CUST_KA323X,7372.35,0.7,5160.6449999999995
CUST_0LAT3K,7372.35,0.7,5160.6449999999995
CUST_ES9RKE,436.24,0.16,69.7984
CUST_E6118V,436.24,0.16,69.7984
CUST_NLNESP,3111.86,0.34,1058.0324
CUST_942DWH,3111.86,0.34,1058.0324
CUST_RTT9IK,7645.86,0.05,382.293
CUST_69M601,7645.86,0.05,382.293
CUST_RO6W0X,4896.87,0.08,391.7496
CUST_YCC4D5,4896.87,0.08,391.7496
CUST_J0HTJD,4635.2,0.76,3522.752
CUST_TKV3QD,4635.2,0.76,3522.752
CUST_3W8UOH,9266.6,0.1,926.6600000000001
CUST_H2AJ03,9266.6,0.1,926.6600000000001
CUST_CZR1HB,5744.61,0.84,4825.4724
CUST_V0YGHF,5744.61,0.84,4825.4724
CUST_CYER84,4120.1,0.58,2389.658
CUST_XAB13S,4120.1,0.58,2389.658
CUST_A0K46V,7505.43,0.06,450.3258
CUST_UFPM3U,7505.43,0.06,450.3258
CUST_EREJIC,7826.01,0.83,6495.588299999999
CUST_Q64NA0,7826.01,0.83,6495.588299999999
CUST_2QP6WW,7347.47,0.66,4849.3302
CUST_95B3VT,7347.47,0.66,4849.3302
CUST_9ROGRU,7328.1,0.24,1758.744
CUST_MAHK8I,7328.1,0.24,1758.744
CUST_6QMPQX,5135.59,0.55,2824.5745
CUST_NV0WIK,5135.59,0.55,2824.5745
CUST_Q7HD2E,4846.19,0.15,726.9284999999999
CUST_HLY86M,4846.19,0.15,726.9284999999999
CUST_D634AD,1952.62,0.28,546.7336
CUST_FWCPTF,1952.62,0.28,546.7336
CUST_L3Z0X4,5763.03,0.64,3688.3392
CUST_K74LA4,5763.03,0.64,3688.3392
CUST_RNG8B4,446.22,0.87,388.2114
CUST_IK71GU,446.22,0.87,388.2114
CUST_1XJ7J5,903.73,0.55,497.05150000000003
CUST_BNY789,903.73,0.55,497.05150000000003
CUST_AK97OR,7245.01,0.9,6520.509
CUST_FETM74,7245.01,0.9,6520.509
CUST_PLF51R,8995.91,0.92,8276.2372
CUST_IP21YB,8995.91,0.92,8276.2372
CUST_7YFPQM,9165.15,0.24,2199.636
CUST_6XB8IV,9165.15,0.24,2199.636
CUST_H78OK0,4551.52,0.04,182.06080000000003
CUST_W5A0HJ,4551.52,0.04,182.06080000000003
CUST_JMA52U,477.79,0.17,81.22430000000001
CUST_EXPZ57,477.79,0.17,81.22430000000001
CUST_V40MH3,2113.5,0.4,845.4000000000001
CUST_WLYP2N,2113.5,0.4,845.4000000000001
CUST_JOBMAA,9365.96,0.54,5057.6184
CUST_P7R6IV,9365.96,0.54,5057.6184
CUST_M74BZH,4353.98,0.57,2481.7685999999994
CUST_QTV65I,4353.98,0.57,2481.7685999999994
CUST_JSFDVG,8756.5,0.32,2802.08
CUST_PD7OXH,8756.5,0.32,2802.08
CUST_ECZY3B,6746,0.26,1753.96
CUST_A7ISHD,6746,0.26,1753.96
CUST_96R07D,9226.4,0.54,4982.256
CUST_KOU40X,9226.4,0.54,4982.256
CUST_GJE66Y,8862.13,0.27,2392.7751
CUST_ARLIHO,8862.13,0.27,2392.7751
CUST_L8QRCZ,2912.26,0.59,1718.2334
CUST_G6YRJ3,2912.26,0.59,1718.2334
CUST_DJJJGB,7454.78,0.5,3727.39
CUST_2XQXOH,7454.78,0.5,3727.39
CUST_8QEAW2,1416.84,0.98,1388.5031999999999
CUST_2FAAG3,1416.84,0.98,1388.5031999999999
CUST_C8A1T7,5504.62,0.21,1155.9702
CUST_1RIZYK,5504.62,0.21,1155.9702
CUST_0GJ0NW,8310.67,0.2,1662.134
CUST_1OTG9G,8310.67,0.2,1662.134
CUST_LIKCBH,8581.84,0.71,6093.1064
CUST_0G52T7,8581.84,0.71,6093.1064
CUST_BIH0QW,5143.44,0.82,4217.6208
CUST_XMTZ8X,5143.44,0.82,4217.6208
CUST_KH15EH,9917.38,0.56,5553.7328
CUST_G7EA76,9917.38,0.56,5553.7328
CUST_M10UEN,2677.77,0.23,615.8871
CUST_W2BEMQ,2677.77,0.23,615.8871
CUST_62KICU,5148.89,0.58,2986.3562
CUST_I0J4FB,5148.89,0.58,2986.3562
CUST_S85RH6,9304.62,0.94,8746.3428
CUST_HZGR9E,9304.62,0.94,8746.3428
CUST_Q4PTY8,283.05,0.7,198.135
CUST_UHQ437,283.05,0.7,198.135
CUST_S3I7JQ,6526.48,0.96,6265.420799999999
CUST_KN4CYS,6526.48,0.96,6265.420799999999
CUST_V8YEXE,5492.69,0.08,439.41519999999997
CUST_9DY40O,5492.69,0.08,439.41519999999997
CUST_HSI3SH,6758.79,0.56,3784.9224000000004
CUST_PPGQDM,6758.79,0.56,3784.9224000000004
CUST_TF7M32,210.05,0.38,79.819
CUST_UH7YWV,210.05,0.38,79.819
CUST_6U3MXR,2868.22,0.4,1147.288
CUST_IUF60Y,2868.22,0.4,1147.288
CUST_1LCCTC,7315.9,0.61,4462.699
CUST_KEABPV,7315.9,0.61,4462.699
CUST_55B3PO,5363.09,0.58,3110.5922
CUST_ZAU955,5363.09,0.58,3110.5922
CUST_ATLS7W,9919.17,0.37,3670.0929
CUST_NXY822,9919.17,0.37,3670.0929
CUST_Q6XGY7,5496.83,0.94,5167.0202
CUST_Q1S5W5,5496.83,0.94,5167.0202
CUST_6JCME2,630.07,0.62,390.64340000000004
CUST_FMLA0S,630.07,0.62,390.64340000000004
CUST_OCS9ZR,765.68,0.9,689.112
CUST_9DNTX2,765.68,0.9,689.112
CUST_B5L2N1,3208.8,0.38,1219.344
CUST_71U6KB,3208.8,0.38,1219.344
CUST_O2X8UW,4485.89,0.86,3857.8654
CUST_20UGQA,4485.89,0.86,3857.8654
CUST_GLJOTK,9937.71,0.81,8049.5451
CUST_BR4XDH,9937.71,0.81,8049.5451
CUST_RDUDKB,2393.83,0.93,2226.2619
CUST_HVZNU4,2393.83,0.93,2226.2619
CUST_U3CUD6,1840.03,0.69,1269.6207
CUST_2538LY,1840.03,0.69,1269.6207
CUST_I94VDI,8588.78,0.95,8159.341
CUST_5KA96J,8588.78,0.95,8159.341
CUST_Z9MQ21,7903.77,0.45,3556.6965000000005
CUST_KROX23,7903.77,0.45,3556.6965000000005
CUST_0QBR6C,5676.91,0.87,4938.9117
CUST_1CMR6K,5676.91,0.87,4938.9117
CUST_4IKA4E,4777.57,0.89,4252.0373
CUST_WY6I52,4777.57,0.89,4252.0373
CUST_GG0028,5922.25,0.87,5152.3575
CUST_3FFK75,5922.25,0.87,5152.3575
CUST_B2BXVP,5982.02,0.64,3828.4928000000004
CUST_1IRBGG,5982.02,0.64,3828.4928000000004
CUST_MPAATI,4722.84,0.14,661.1976000000001
CUST_5QRZ4B,4722.84,0.14,661.1976000000001
CUST_DWSCKH,1201.28,0.03,36.038399999999996
CUST_KYA5SN,973.96,0.03,29.2188
CUST_6G9R16,6727.43,0.92,6189.235600000001
CUST_MMXPRX,7867.21,0.92,7237.8332
CUST_ZRS372,4202.54,0.26,1092.6604
CUST_DUUUVJ,1441.24,0.26,374.7224
CUST_60TWF3,3822.15,0.18,687.987
CUST_TQEI7K,3822.15,0.18,687.987
CUST_JXRN28,7459.71,0.9,6713.7390000000005
CUST_OOUW1K,2988.48,0.9,2689.632
CUST_ISTWFD,2997.78,0.92,2757.9576
CUST_JQ6NLW,2997.78,0.92,2757.9576
CUST_0I33NO,1554.43,0.83,1290.1769
CUST_1VS6OA,1554.43,0.83,1290.1769
CUST_OLFDFE,8481.52,0.71,6021.8792
CUST_G3B690,3815.27,0.71,2708.8417
CUST_9Q6SJL,6897.36,0.39,2689.9704
CUST_V0UMCK,6897.36,0.39,2689.9704
CUST_DLUH1W,4042.08,0.04,161.6832
CUST_S667U9,4042.08,0.04,161.6832
CUST_X4VD8I,9389.63,0.43,4037.5408999999995
CUST_VE2AV2,9389.63,0.43,4037.5408999999995
CUST_XD83AQ,6385.28,0.88,5619.0464
CUST_PO5FTI,6385.28,0.88,5619.0464
CUST_MV3OC4,8763.14,0.25,2190.785
CUST_65G017,8763.14,0.25,2190.785
CUST_KVCPJQ,7373.24,0.78,5751.1272
CUST_YDWDX2,7373.24,0.78,5751.1272
CUST_JHTAN6,6347.86,0.67,4253.0662
CUST_4BLONF,6347.86,0.67,4253.0662
CUST_SZN6UJ,7172.2,0.89,6383.258
CUST_1CPMDM,7172.2,0.89,6383.258
CUST_508WGO,4356.06,0.6,2613.636
CUST_OSDYE6,4356.06,0.6,2613.636
CUST_5HLFWU,4704.02,0.82,3857.2964
CUST_NY8YNJ,4704.02,0.82,3857.2964
CUST_ICQW2P,4539.47,0.66,2996.0502
CUST_7NIB7M,4539.47,0.66,2996.0502
CUST_PPKFF8,1584.71,0.66,1045.9086
CUST_PT9ZO1,1584.71,0.66,1045.9086
CUST_G0KXD0,5675.65,0.63,3575.6594999999998
CUST_VNNNMY,5675.65,0.63,3575.6594999999998
CUST_R2D7MG,399.43,0.54,215.6922
CUST_V1VBBM,399.43,0.54,215.6922
CUST_D6EENA,512.41,0.97,497.0377
CUST_6P5SZL,512.41,0.97,497.0377
CUST_LI3VUE,7676.22,0.69,5296.5918
CUST_QY6EK1,7676.22,0.69,5296.5918
CUST_PS1ZLY,3329.23,0.22,732.4306
CUST_D3VQ01,3329.23,0.22,732.4306
CUST_TFR2RZ,280.44,0.52,145.8288
CUST_BQDDIB,280.44,0.52,145.8288
CUST_TCBVOW,3095.45,0.78,2414.451
CUST_P0G5TQ,3095.45,0.78,2414.451
CUST_MXNXW6,5803.22,0.4,2321.288
CUST_9JZDW1,5803.22,0.4,2321.288
CUST_AYFCKE,1573.56,0.04,62.9424
CUST_WX5OK2,1573.56,0.04,62.9424
CUST_1FVN3P,2625.31,0.28,735.0868
CUST_DKE5LN,2625.31,0.28,735.0868
CUST_IDXKWV,8154.47,0.08,652.3576
CUST_B7ODOJ,8154.47,0.08,652.3576
CUST_UN2PBU,629.41,0.26,163.6466
CUST_0TRA6S,629.41,0.26,163.6466
CUST_0LAT3K,3930.63,0.81,3183.8103
CUST_8XAVFA,3930.63,0.81,3183.8103
CUST_E6118V,5043.21,0.49,2471.1729
CUST_IHGPYE,5043.21,0.49,2471.1729
CUST_942DWH,9240.41,0.7,6468.286999999999
CUST_827XHX,9240.41,0.7,6468.286999999999
CUST_69M601,6599.78,0.52,3431.8856
CUST_97C9T2,6599.78,0.52,3431.8856
CUST_YCC4D5,8399.95,0.99,8315.9505
CUST_NCE8QH,8399.95,0.99,8315.9505
CUST_TKV3QD,2919.27,0.28,817.3956000000001
CUST_EF17MD,2919.27,0.28,817.3956000000001
CUST_H2AJ03,8666.25,0.28,2426.55
CUST_5YZKIY,8666.25,0.28,2426.55
CUST_V0YGHF,2160.84,0.16,345.73440000000005
CUST_CBQOIU,2160.84,0.16,345.73440000000005
CUST_XAB13S,2031.74,0.82,1666.0267999999999
CUST_LOJDP2,2031.74,0.82,1666.0267999999999
CUST_UFPM3U,3807.33,0.68,2588.9844000000003
CUST_LKLIYR,3807.33,0.68,2588.9844000000003
CUST_Q64NA0,9989.87,0.67,6693.212900000001
CUST_N8CEQQ,9989.87,0.67,6693.212900000001
CUST_95B3VT,5317.01,0.15,797.5515
CUST_XNG1QP,5317.01,0.15,797.5515
CUST_MAHK8I,3333.51,0.17,566.6967000000001
CUST_PLXRAB,3333.51,0.17,566.6967000000001
CUST_NV0WIK,4309.66,0.47,2025.5402
CUST_E1L9DM,4309.66,0.47,2025.5402
CUST_HLY86M,3530.01,0.74,2612.2074000000002
CUST_ESLY0L,3530.01,0.74,2612.2074000000002
CUST_FWCPTF,4078.32,0,0
CUST_W9WN0S,4078.32,0,0
CUST_K74LA4,6169.38,0.27,1665.7326
CUST_CTWXTK,6169.38,0.27,1665.7326
CUST_IK71GU,2395.55,0.85,2036.2175000000002
CUST_XGF5WS,2395.55,0.85,2036.2175000000002
CUST_BNY789,7256.84,0.87,6313.4508000000005
CUST_7GB8PV,7256.84,0.87,6313.4508000000005
CUST_FETM74,1304.9,0.37,482.81300000000005
CUST_WKZ59M,1304.9,0.37,482.81300000000005
CUST_IP21YB,8279.94,0.04,331.1976
CUST_AGQMAH,8279.94,0.04,331.1976
CUST_6XB8IV,5778.77,0.5,2889.385
CUST_NI08TI,5778.77,0.5,2889.385
CUST_W5A0HJ,1879.36,0.4,751.744
CUST_XFGCBA,1879.36,0.4,751.744
CUST_EXPZ57,9732.05,0.37,3600.8585
CUST_1LCAXJ,9732.05,0.37,3600.8585
CUST_WLYP2N,6400.87,0.08,512.0696
CUST_WLYP2N,6400.87,0.08,512.0696
CUST_P7R6IV,1246.35,0.1,124.63499999999999
CUST_P7R6IV,1246.35,0.1,124.63499999999999
CUST_QTV65I,787.25,0.61,480.22249999999997
CUST_P3FKPA,787.25,0.61,480.22249999999997
CUST_PD7OXH,6879.39,0.13,894.3207000000001
CUST_IW23JV,6879.39,0.13,894.3207000000001
CUST_A7ISHD,7403,0.01,74.03
CUST_A7ISHD,7403,0.01,74.03
CUST_KOU40X,4189.55,0.3,1256.865
CUST_STWBA4,4189.55,0.3,1256.865
CUST_ARLIHO,2705.63,0.24,649.3512
CUST_Q4I6J4,2705.63,0.24,649.3512
CUST_G6YRJ3,3034.81,0.9,2731.329
CUST_KGLQWH,3034.81,0.9,2731.329
CUST_2XQXOH,2069.74,0.15,310.46099999999996
CUST_2XQXOH,2069.74,0.15,310.46099999999996
CUST_2FAAG3,3942.33,0.89,3508.6737
CUST_HSXQXD,3942.33,0.89,3508.6737
CUST_1RIZYK,2971.37,0.91,2703.9467
CUST_1RIZYK,2971.37,0.91,2703.9467
CUST_1OTG9G,9246.24,0.23,2126.6352
CUST_DJN4ZX,9246.24,0.23,2126.6352
CUST_0G52T7,8401.38,0.76,6385.0488
CUST_RQRJ1G,8401.38,0.76,6385.0488
CUST_XMTZ8X,4910.41,0.04,196.4164
CUST_O4DNV1,4910.41,0.04,196.4164
CUST_G7EA76,1038.42,0.85,882.657
CUST_A3H41I,1038.42,0.85,882.657
CUST_W2BEMQ,113.61,0.69,78.39089999999999
CUST_FO8TCM,113.61,0.69,78.39089999999999
CUST_I0J4FB,4575.3,0.73,3339.969
CUST_9JJ562,4575.3,0.73,3339.969
CUST_HZGR9E,4952.67,0.7,3466.8689999999997
CUST_F0Y05P,4952.67,0.7,3466.8689999999997
CUST_UHQ437,8935.35,0.22,1965.777
CUST_0RBRHQ,8935.35,0.22,1965.777
CUST_KN4CYS,6013.66,0.93,5592.7038
CUST_EYA1WF,6013.66,0.93,5592.7038
CUST_9DY40O,6582.3,0.27,1777.2210000000002
CUST_3XQKKX,6582.3,0.27,1777.2210000000002
CUST_PPGQDM,8848.17,1,8848.17
CUST_B1KWZD,8848.17,1,8848.17
CUST_UH7YWV,4867.11,0.93,4526.4123
CUST_7MAC8V,4867.11,0.93,4526.4123
CUST_IUF60Y,5604.93,0.99,5548.880700000001
CUST_KPS95L,5604.93,0.99,5548.880700000001
CUST_KEABPV,3964.61,0.43,1704.7823
CUST_OVDPO1,3964.61,0.43,1704.7823
CUST_ZAU955,6409.4,0.6,3845.6399999999994
CUST_EVVM7S,6409.4,0.6,3845.6399999999994
CUST_NXY822,9305.25,0.91,8467.7775
CUST_IXJ1FP,9305.25,0.91,8467.7775
CUST_Q1S5W5,2947.54,0.86,2534.8844
CUST_3F9PB4,2947.54,0.86,2534.8844
CUST_FMLA0S,5946.85,0.77,4579.074500000001
CUST_URFCU4,5946.85,0.77,4579.074500000001
CUST_9DNTX2,3304.02,0.02,66.0804
CUST_PCW70E,3304.02,0.02,66.0804
CUST_71U6KB,8739.02,0.68,5942.533600000001
CUST_2Y591G,8739.02,0.68,5942.533600000001
CUST_20UGQA,6595.58,0.61,4023.3037999999997
CUST_GA31SO,6595.58,0.61,4023.3037999999997
CUST_BR4XDH,8721.8,0.39,3401.502
CUST_2WBGJJ,8721.8,0.39,3401.502
CUST_HVZNU4,494.31,0.14,69.2034
CUST_WHYCT9,494.31,0.14,69.2034
CUST_2538LY,8436.08,0.87,7339.3895999999995
CUST_7ACP2W,8436.08,0.87,7339.3895999999995
CUST_5KA96J,5668.81,0.17,963.6977000000002
CUST_G9LK2U,5668.81,0.17,963.6977000000002
CUST_KROX23,9442.67,0.3,2832.801
CUST_TH0NNN,9442.67,0.3,2832.801
CUST_1CMR6K,2048.94,0.98,2007.9612
CUST_CF4CUF,2048.94,0.98,2007.9612
CUST_WY6I52,5489.21,0.13,713.5973
CUST_BSS0VK,5489.21,0.13,713.5973
CUST_3FFK75,2159.94,0.6,1295.964
CUST_98356S,2159.94,0.6,1295.964
CUST_1IRBGG,1346.67,0.07,94.26690000000002
CUST_F2Q94H,1346.67,0.07,94.26690000000002
CUST_5QRZ4B,1201.28,0.9,1081.152
CUST_3DIIV5,1201.28,0.9,1081.152
CUST_KYA5SN,6727.43,0.36,2421.8748
CUST_I2ACFP,6727.43,0.36,2421.8748
CUST_MMXPRX,4202.54,0.66,2773.6764000000003
CUST_96LFE1,4202.54,0.66,2773.6764000000003
CUST_DUUUVJ,5108.12,0.12,612.9744
CUST_9IUKD9,5108.12,0.12,612.9744
CUST_TQEI7K,7459.71,0.84,6266.1564
CUST_DQH93H,7459.71,0.84,6266.1564
CUST_OOUW1K,1350.42,0.2,270.084
CUST_LXPQ75,1350.42,0.2,270.084
CUST_JQ6NLW,3534.82,0.47,1661.3654
CUST_0ZU8MV,3534.82,0.47,1661.3654
CUST_1VS6OA,8481.52,0.09,763.3368
CUST_WH5X3N,8481.52,0.09,763.3368
CUST_G3B690,3414.5,0.55,1877.9750000000001
CUST_B9MMNR,3414.5,0.55,1877.9750000000001
CUST_V0UMCK,4833.59,0.42,2030.1078
CUST_8ZV9RG,4833.59,0.42,2030.1078
CUST_S667U9,7455.57,0.73,5442.5661
CUST_YN1N1P,7455.57,0.73,5442.5661
CUST_VE2AV2,6361.02,0.11,699.7122
CUST_640801,6361.02,0.11,699.7122
CUST_PO5FTI,2477.08,0.19,470.6452
CUST_26SMRT,2477.08,0.19,470.6452
CUST_65G017,2296.44,0.4,918.576
CUST_9MLPVN,2296.44,0.4,918.576
CUST_YDWDX2,4612.48,0.56,2582.9888
CUST_96713D,4612.48,0.56,2582.9888
CUST_4BLONF,8104.43,0.12,972.5316
CUST_UGE3EG,8104.43,0.12,972.5316
CUST_1CPMDM,360.71,0.46,165.9266
CUST_FKQT6A,360.71,0.46,165.9266
CUST_OSDYE6,5953.4,0.19,1131.146
CUST_0H7Z3X,5953.4,0.19,1131.146
CUST_NY8YNJ,4199.38,0.9,3779.442
CUST_166WPJ,4199.38,0.9,3779.442
CUST_7NIB7M,8979.36,0.67,6016.171200000001
CUST_6AFVSI,8979.36,0.67,6016.171200000001
CUST_PT9ZO1,1356.42,0.8,1085.1360000000002
CUST_WJYE15,1356.42,0.8,1085.1360000000002
CUST_VNNNMY,8322.66,0.24,1997.4384
CUST_UPK5MP,8322.66,0.24,1997.4384
CUST_V1VBBM,4192.07,0.31,1299.5417
CUST_I7UABY,4192.07,0.31,1299.5417
CUST_6P5SZL,4844.04,0.52,2518.9008
CUST_FT8EWP,4844.04,0.52,2518.9008
CUST_QY6EK1,3381.81,0.79,2671.6299
CUST_1RARSO,3381.81,0.79,2671.6299
CUST_D3VQ01,173.26,0.92,159.3992
CUST_P912BP,173.26,0.92,159.3992
CUST_BQDDIB,9707.65,0.13,1261.9945
CUST_04DSG3,9707.65,0.13,1261.9945
CUST_P0G5TQ,2557.21,0.83,2122.4843
CUST_085GQJ,2557.21,0.83,2122.4843
CUST_9JZDW1,9598.26,0.72,6910.7472
CUST_U72Z7A,9598.26,0.72,6910.7472
CUST_WX5OK2,1723.3,0.93,1602.669
CUST_VMMEX8,1723.3,0.93,1602.669
CUST_DKE5LN,6052.21,0.82,4962.812199999999
CUST_QH7X71,6052.21,0.82,4962.812199999999
CUST_B7ODOJ,8728.59,0.79,6895.5861
CUST_2RCMNT,8728.59,0.79,6895.5861
CUST_0TRA6S,9515.96,0.68,6470.8528
CUST_OLCGR2,9515.96,0.68,6470.8528
CUST_8XAVFA,5425.69,0.62,3363.9278
CUST_Y9519E,5425.69,0.62,3363.9278
CUST_IHGPYE,8153.36,0.78,6359.6208
CUST_7DHUA9,8153.36,0.78,6359.6208
CUST_827XHX,8824.96,0.02,176.49919999999997
CUST_BEUC7A,8824.96,0.02,176.49919999999997
CUST_97C9T2,7834.83,0.74,5797.7742
CUST_P0HG22,7834.83,0.74,5797.7742
CUST_NCE8QH,7628.21,0.6,4576.9259999999995
CUST_YN221K,7628.21,0.6,4576.9259999999995
CUST_EF17MD,4413.42,0.23,1015.0866000000001
CUST_JEJXGC,4413.42,0.23,1015.0866000000001
CUST_5YZKIY,6399.5,0.02,127.99000000000001
CUST_0BS8XU,6399.5,0.02,127.99000000000001
CUST_CBQOIU,1450.42,0.4,580.168
CUST_MEOE3E,1450.42,0.4,580.168
CUST_LOJDP2,1502.85,0.09,135.2565
CUST_TVFFGS,1502.85,0.09,135.2565
CUST_LKLIYR,9018.63,0.36,3246.7067999999995
CUST_SEVJMC,9018.63,0.36,3246.7067999999995
CUST_N8CEQQ,6831.58,0.52,3552.4216
CUST_JC8BVV,6831.58,0.52,3552.4216
CUST_XNG1QP,8197.27,0.4,3278.9080000000004
CUST_ERZKTJ,8197.27,0.4,3278.9080000000004
CUST_PLXRAB,5171.69,0.71,3671.8998999999994
CUST_LIEEO1,5171.69,0.71,3671.8998999999994
CUST_E1L9DM,6820.84,0.74,5047.4216
CUST_KC1BNI,6820.84,0.74,5047.4216
CUST_ESLY0L,742.85,0.61,453.1385
CUST_XF461I,742.85,0.61,453.1385
CUST_W9WN0S,9488.37,0.12,1138.6044
CUST_3YME2F,9488.37,0.12,1138.6044
CUST_CTWXTK,474.17,0.78,369.85260000000005
CUST_BAECEY,474.17,0.78,369.85260000000005
CUST_XGF5WS,7372.13,0.46,3391.1798000000003
CUST_0H9VQ8,7372.13,0.46,3391.1798000000003
CUST_7GB8PV,7211.15,0.24,1730.676
CUST_GFBG41,7211.15,0.24,1730.676
CUST_WKZ59M,1902.05,0.7,1331.435
CUST_XVY0HL,1902.05,0.7,1331.435
CUST_AGQMAH,8947.96,0.84,7516.286399999999
CUST_ZSZ589,8947.96,0.84,7516.286399999999
CUST_NI08TI,5850.77,0.94,5499.7238
CUST_PXOW2A,5850.77,0.94,5499.7238
CUST_XFGCBA,8185.52,0.55,4502.036000000001
CUST_L2QPIO,8185.52,0.55,4502.036000000001
CUST_1LCAXJ,7508.36,0.97,7283.1092
CUST_SMAI48,7508.36,0.97,7283.1092
CUST_IMM631,7885.32,0.04,315.4128
CUST_V72GY0,7885.32,0.04,315.4128
CUST_ADD3GS,1484.09,0.32,474.9088
CUST_OTOXDS,1484.09,0.32,474.9088
CUST_P3FKPA,6290.46,0.55,3459.753
CUST_0TYJV5,6290.46,0.55,3459.753
CUST_IW23JV,1540.64,0.92,1417.3888000000002
CUST_14DM5S,1540.64,0.92,1417.3888000000002
CUST_0SK71G,3149.24,0.29,913.2795999999998
CUST_EAZH8T,3149.24,0.29,913.2795999999998
CUST_STWBA4,2249.57,0.9,2024.6130000000003
CUST_05QPQ9,2249.57,0.9,2024.6130000000003
CUST_Q4I6J4,3606.64,0.74,2668.9136
CUST_SJ7J8M,3606.64,0.74,2668.9136
CUST_KGLQWH,7942.31,0.26,2065.0006000000003
CUST_WBIFHC,7942.31,0.26,2065.0006000000003
CUST_X34R3E,463.05,0.71,328.7655
CUST_RUWZZ4,463.05,0.71,328.7655
CUST_HSXQXD,8533.51,0.51,4352.0901
CUST_0CPBHE,8533.51,0.51,4352.0901
CUST_U8O8UM,4513.95,0.35,1579.8825
CUST_EGCZS5,4513.95,0.35,1579.8825
CUST_DJN4ZX,6540.74,0.19,1242.7406
CUST_HD1OCZ,6540.74,0.19,1242.7406
CUST_RQRJ1G,3146.91,0.22,692.3202
CUST_BLDXS1,3146.91,0.22,692.3202
CUST_O4DNV1,3997.31,0.54,2158.5474
CUST_ZTYDXV,3997.31,0.54,2158.5474
CUST_A3H41I,5555.44,0.1,555.544
CUST_FSL8UV,5555.44,0.1,555.544
CUST_FO8TCM,4414.26,0.5,2207.13
CUST_H5WO82,4414.26,0.5,2207.13
CUST_9JJ562,3483.66,0.12,418.0392
CUST_M4KNJL,3483.66,0.12,418.0392
CUST_F0Y05P,7403.76,0.96,7107.6096
CUST_73E2VL,7403.76,0.96,7107.6096
CUST_0RBRHQ,4032.48,0.25,1008.12
CUST_WN6AZQ,4032.48,0.25,1008.12
CUST_EYA1WF,198.3,0.62,122.94600000000001
CUST_JTMYI5,198.3,0.62,122.94600000000001
CUST_3XQKKX,7625.11,0.63,4803.8193
CUST_WYWP21,7625.11,0.63,4803.8193
CUST_B1KWZD,3093.91,0.85,2629.8235
CUST_CSWTMU,3093.91,0.85,2629.8235
CUST_7MAC8V,1227.75,0.57,699.8175
CUST_7MAC8V,1227.75,0.57,699.8175
CUST_KPS95L,5813.19,0.5,2906.595
CUST_KPS95L,5813.19,0.5,2906.595
CUST_OVDPO1,9365.01,0.32,2996.8032000000003
CUST_EZWW5G,9365.01,0.32,2996.8032000000003
CUST_EVVM7S,1367.42,0.32,437.5744
CUST_KWLYA4,1367.42,0.32,437.5744
CUST_IXJ1FP,486.5,0.77,374.605
CUST_PDDBNE,486.5,0.77,374.605
CUST_3F9PB4,3262.85,0.74,2414.509
CUST_3F9PB4,3262.85,0.74,2414.509
CUST_URFCU4,6664.2,0.81,5398.002
CUST_JS4VEH,6664.2,0.81,5398.002
CUST_PCW70E,9572.63,0.46,4403.409799999999
CUST_439POZ,9572.63,0.46,4403.409799999999
CUST_2Y591G,8114.68,0.21,1704.0828
CUST_ERDH3N,8114.68,0.21,1704.0828
CUST_GA31SO,3274.82,0.68,2226.8776000000003
CUST_GA31SO,3274.82,0.68,2226.8776000000003
CUST_2WBGJJ,1986.64,0.94,1867.4415999999999
CUST_2WBGJJ,1986.64,0.94,1867.4415999999999
CUST_WHYCT9,267.14,0.74,197.68359999999998
CUST_WHYCT9,267.14,0.74,197.68359999999998
CUST_7ACP2W,1275.07,0.91,1160.3137
CUST_7ACP2W,1275.07,0.91,1160.3137
CUST_G9LK2U,7869.37,0.98,7711.982599999999
CUST_IF5254,7869.37,0.98,7711.982599999999
CUST_TH0NNN,5561.29,0.53,2947.4837
CUST_TH0NNN,5561.29,0.53,2947.4837
CUST_CF4CUF,4586.2,0.38,1742.7559999999999
CUST_CF4CUF,4586.2,0.38,1742.7559999999999
CUST_BSS0VK,550.9,0.48,264.43199999999996
CUST_T0K2MW,550.9,0.48,264.43199999999996
CUST_98356S,9849.78,0.37,3644.4186000000004
CUST_98356S,9849.78,0.37,3644.4186000000004
CUST_F2Q94H,3598.5,0.35,1259.475
CUST_DO0CNC,3598.5,0.35,1259.475
CUST_3DIIV5,2353.05,0.6,1411.8300000000002
CUST_3DIIV5,2353.05,0.6,1411.8300000000002
CUST_I2ACFP,9989.67,0.07,699.2769000000001
CUST_I2ACFP,9989.67,0.07,699.2769000000001
CUST_96LFE1,7943.53,0.46,3654.0238
CUST_1XBJ9U,7943.53,0.46,3654.0238
CUST_9IUKD9,2009.82,0.53,1065.2046
CUST_9IUKD9,2009.82,0.53,1065.2046
CUST_DQH93H,5091.47,0.33,1680.1851000000001
CUST_18K8BI,5091.47,0.33,1680.1851000000001
CUST_LXPQ75,668.23,0.12,80.1876
CUST_LXPQ75,668.23,0.12,80.1876
CUST_0ZU8MV,3131.54,0.85,2661.8089999999997
CUST_0ZU8MV,3131.54,0.85,2661.8089999999997
CUST_WH5X3N,985.97,0.17,167.6149
CUST_K9GVT2,985.97,0.17,167.6149
CUST_B9MMNR,526.72,0.62,326.5664
CUST_B9MMNR,526.72,0.62,326.5664
CUST_8ZV9RG,7586.55,0.47,3565.6785
CUST_PKL29Q,7586.55,0.47,3565.6785
CUST_YN1N1P,2887.94,0.63,1819.4022
CUST_YN1N1P,2887.94,0.63,1819.4022
CUST_640801,298.19,0.33,98.40270000000001
CUST_640801,298.19,0.33,98.40270000000001
CUST_26SMRT,1459.97,0.84,1226.3748
CUST_P6TSV6,1459.97,0.84,1226.3748
CUST_9MLPVN,1801.09,0.28,504.3052
CUST_WOYI3R,1801.09,0.28,504.3052
CUST_96713D,4057.13,0.75,3042.8475
CUST_4N65WR,4057.13,0.75,3042.8475
CUST_UGE3EG,7221.92,0.17,1227.7264
CUST_KWZ92D,7221.92,0.17,1227.7264
CUST_FKQT6A,5985.85,0.92,5506.982000000001
CUST_0QPFHU,5985.85,0.92,5506.982000000001
CUST_0H7Z3X,6945.37,0.27,1875.2499
CUST_6C6OD5,6945.37,0.27,1875.2499
CUST_166WPJ,9735.42,0.23,2239.1466
CUST_T0B1TM,9735.42,0.23,2239.1466
CUST_6AFVSI,9120.75,0.99,9029.5425
CUST_4XXYLZ,9120.75,0.99,9029.5425
CUST_WJYE15,3954.71,0.8,3163.768
CUST_5WUGJ4,3954.71,0.8,3163.768
CUST_UPK5MP,5925.42,0.71,4207.0482
CUST_27Z458,5925.42,0.71,4207.0482
CUST_I7UABY,1442.09,0.73,1052.7257
CUST_S6D960,1442.09,0.73,1052.7257
CUST_FT8EWP,4914.62,0.2,982.924
CUST_M1WX20,4914.62,0.2,982.924
CUST_1RARSO,1643.96,0.06,98.63759999999999
CUST_V0A5C3,1643.96,0.06,98.63759999999999
CUST_P912BP,289.33,0.53,153.3449
CUST_B6510G,289.33,0.53,153.3449
CUST_04DSG3,9093.21,0.54,4910.3333999999995
CUST_DU11Q5,9093.21,0.54,4910.3333999999995
CUST_085GQJ,316.59,0.1,31.659
CUST_FVA3OM,316.59,0.1,31.659
CUST_U72Z7A,9026.55,0.99,8936.2845
CUST_KLE7SB,9026.55,0.99,8936.2845
CUST_VMMEX8,2945.1,0.67,1973.217
CUST_R2J26T,2945.1,0.67,1973.217
CUST_QH7X71,3570.96,0.1,357.096
CUST_VB4GSW,3570.96,0.1,357.096
CUST_2RCMNT,3034.71,0.52,1578.0492000000002
CUST_XA4KJU,3034.71,0.52,1578.0492000000002
CUST_OLCGR2,499.86,0.35,174.951
CUST_KRB6BW,499.86,0.35,174.951
CUST_Y9519E,3498.93,0.39,1364.5827
CUST_Y9519E,3498.93,0.39,1364.5827
CUST_L2FUH6,1811.37,0.83,1503.4370999999999
CUST_L2FUH6,1811.37,0.83,1503.4370999999999
CUST_MGAKZY,3508.55,0.18,631.539
CUST_MGAKZY,3508.55,0.18,631.539
CUST_T6FPMD,5161.18,0.94,4851.5092
CUST_T6FPMD,5161.18,0.94,4851.5092
CUST_3RP8JE,3958.15,0.9,3562.335
CUST_3RP8JE,3958.15,0.9,3562.335
CUST_JEJXGC,4564.15,0.92,4199.018
CUST_JEJXGC,4564.15,0.92,4199.018
CUST_0BS8XU,1881.53,0.11,206.9683
CUST_6HNYK7,1881.53,0.11,206.9683
CUST_MEOE3E,4781.55,0.44,2103.882
CUST_P45EFT,4781.55,0.44,2103.882
CUST_TVFFGS,5403.76,0.86,4647.2336000000005
CUST_GELGQV,5403.76,0.86,4647.2336000000005
CUST_SEVJMC,7140.09,0.8,5712.072
CUST_MXWLV3,7140.09,0.8,5712.072
CUST_JC8BVV,3970.03,0.47,1865.9141
CUST_WSH58I,3970.03,0.47,1865.9141
CUST_ERZKTJ,5590.27,0.38,2124.3026
CUST_IMHCFI,5590.27,0.38,2124.3026
CUST_LIEEO1,5520.37,0.63,3477.8331
CUST_9LGSYZ,5520.37,0.63,3477.8331
CUST_KC1BNI,1209.64,0.95,1149.1580000000001
CUST_3W8D6P,1209.64,0.95,1149.1580000000001
CUST_XF461I,6867.52,0.25,1716.88
CUST_VPSUFT,6867.52,0.25,1716.88
CUST_3YME2F,465.24,0.81,376.8444
CUST_U39INM,465.24,0.81,376.8444
CUST_BAECEY,8839.6,0.02,176.792
CUST_ZQXUUS,8839.6,0.02,176.792
CUST_0H9VQ8,8129.41,0.06,487.7646
CUST_AWZ9LL,8129.41,0.06,487.7646
CUST_GFBG41,7683.22,0.12,921.9864
CUST_ABFZB3,7683.22,0.12,921.9864
CUST_XVY0HL,1819.99,0.94,1710.7905999999998
CUST_7R2LG6,1819.99,0.94,1710.7905999999998
CUST_ZSZ589,2273.99,0.15,341.09849999999994
CUST_RV70RJ,2273.99,0.15,341.09849999999994
CUST_PXOW2A,5100.95,0.29,1479.2754999999997
CUST_2TAVVU,5100.95,0.29,1479.2754999999997
CUST_L2QPIO,4499.73,0.83,3734.7758999999996
CUST_XII3OW,4499.73,0.83,3734.7758999999996
CUST_SMAI48,9452.48,0.96,9074.380799999999
CUST_936157,9452.48,0.96,9074.380799999999
CUST_V72GY0,5847.25,0.97,5671.8324999999995
CUST_4D5LWY,5847.25,0.97,5671.8324999999995
CUST_OTOXDS,5692.35,0.34,1935.3990000000003
CUST_4GLLT4,5692.35,0.34,1935.3990000000003
CUST_0TYJV5,2175.68,0.65,1414.192
CUST_B7H8XQ,2175.68,0.65,1414.192
CUST_14DM5S,3883.56,0.3,1165.068
CUST_9I1X23,3883.56,0.3,1165.068
CUST_EAZH8T,3465.35,0.07,242.57450000000003
CUST_OCA9AV,3465.35,0.07,242.57450000000003
CUST_05QPQ9,1536.97,0.5,768.485
CUST_BEXUPP,1536.97,0.5,768.485
CUST_SJ7J8M,3523.3,0.14,493.26200000000006
CUST_0L7CJW,3523.3,0.14,493.26200000000006
CUST_WBIFHC,9249.79,0.81,7492.3299000000015
CUST_VHOMW4,9249.79,0.81,7492.3299000000015
CUST_RUWZZ4,5920.7,0.5,2960.35
CUST_AJTIKI,5920.7,0.5,2960.35
CUST_0CPBHE,6889.48,0.7,4822.6359999999995
CUST_0CPBHE,6889.48,0.7,4822.6359999999995
CUST_EGCZS5,5616.64,0.12,673.9968
CUST_EGCZS5,5616.64,0.12,673.9968
CUST_HD1OCZ,1692.37,0.42,710.7954
CUST_HD1OCZ,1692.37,0.42,710.7954
CUST_BLDXS1,6920.96,0.36,2491.5456
CUST_C68Z9C,6920.96,0.36,2491.5456
CUST_ZTYDXV,1945.65,0.51,992.2815
CUST_5LHNQG,1945.65,0.51,992.2815
CUST_FSL8UV,527.96,0.14,73.91440000000001
CUST_FSL8UV,527.96,0.14,73.91440000000001
CUST_H5WO82,5352.96,0.56,2997.6576000000005
CUST_H5WO82,5352.96,0.56,2997.6576000000005
CUST_M4KNJL,6605.35,0.21,1387.1235
CUST_M4KNJL,6605.35,0.21,1387.1235
CUST_73E2VL,8814.39,0.65,5729.3535
CUST_2K4E7T,8814.39,0.65,5729.3535
CUST_WN6AZQ,7412.05,0.83,6152.0015
CUST_FJYEPF,7412.05,0.83,6152.0015
CUST_JTMYI5,5153.53,0.22,1133.7766
CUST_JTMYI5,5153.53,0.22,1133.7766
CUST_WYWP21,1203.24,0.41,493.3284
CUST_WYWP21,1203.24,0.41,493.3284
CUST_CSWTMU,6349.01,0.26,1650.7426
CUST_CSWTMU,6349.01,0.26,1650.7426
CUST_AWVZ9I,392.77,0.89,349.5653
CUST_AWVZ9I,392.77,0.89,349.5653
CUST_CQUGC7,4257.53,0.11,468.32829999999996
CUST_CQUGC7,4257.53,0.11,468.32829999999996
CUST_EZWW5G,6990.91,0.53,3705.1823
CUST_RE9C14,6990.91,0.53,3705.1823
CUST_KWLYA4,8499.93,0.87,7394.9391000000005
CUST_V3L03X,8499.93,0.87,7394.9391000000005
CUST_PDDBNE,1160,0.75,870
CUST_Y2IWUI,1160,0.75,870
CUST_WN95HG,7467.5,0.73,5451.275
CUST_WN95HG,7467.5,0.73,5451.275
CUST_JS4VEH,5390.61,0.6,3234.3659999999995
CUST_JS4VEH,5390.61,0.6,3234.3659999999995
CUST_439POZ,3302.18,0.37,1221.8066
CUST_WN7ZWO,3302.18,0.37,1221.8066
CUST_ERDH3N,6132.1,0.13,797.1730000000001
CUST_8EOIWX,6132.1,0.13,797.1730000000001
CUST_M63KLC,8068.04,0.64,5163.5456
CUST_M63KLC,8068.04,0.64,5163.5456
CUST_54RW60,7089.11,0.24,1701.3863999999999
CUST_54RW60,7089.11,0.24,1701.3863999999999
CUST_HT267O,636.24,0.54,343.56960000000004
CUST_HT267O,636.24,0.54,343.56960000000004
CUST_YA2JH3,6778.49,0.88,5965.071199999999
CUST_YA2JH3,6778.49,0.88,5965.071199999999
CUST_IF5254,523.05,0.72,376.59599999999995
CUST_IF5254,523.05,0.72,376.59599999999995
CUST_FQTRZD,6847.44,0.48,3286.7711999999997
CUST_FQTRZD,6847.44,0.48,3286.7711999999997
CUST_0XG7CY,7606.84,0.35,2662.394
CUST_0XG7CY,7606.84,0.35,2662.394
CUST_T0K2MW,6176.86,0.97,5991.5542
CUST_X6W2UK,6176.86,0.97,5991.5542
CUST_8BJSGL,7803.88,0.93,7257.6084
CUST_8BJSGL,7803.88,0.93,7257.6084
CUST_DO0CNC,7660.66,0.86,6588.1676
CUST_DO0CNC,7660.66,0.86,6588.1676
CUST_F7ID9W,8305.29,0.12,996.6348
CUST_F7ID9W,8305.29,0.12,996.6348
CUST_B6LMN4,9745.68,0.7,6821.976
CUST_B6LMN4,9745.68,0.7,6821.976
CUST_1XBJ9U,2053.3,0.64,1314.112
CUST_MXAI99,2053.3,0.64,1314.112
CUST_85HVTN,5090.01,0.31,1577.9031
CUST_85HVTN,5090.01,0.31,1577.9031
CUST_18K8BI,8530.3,0.96,8189.087999999999
CUST_18K8BI,8530.3,0.96,8189.087999999999
CUST_NNC48M,1397.48,0.43,600.9164
CUST_NNC48M,1397.48,0.43,600.9164
CUST_XGBWQI,2000.62,0.67,1340.4154
CUST_XGBWQI,2000.62,0.67,1340.4154
